{"cameraMode":{"drawMode":0,"name":"Shaded","section":"Shading Mode"},"sceneLighting":true,"audioPlay":false,"sceneViewState":{"m_AlwaysRefresh":false,"showFog":true,"showSkybox":true,"showFlares":true,"showImageEffects":true,"showParticleSystems":true,"showVisualEffectGraphs":true,"m_FxEnabled":false},"in2DMode":false,"pivot":{"x":-1.0920058488845826,"y":-3.3501830101013185,"z":-8.104239463806153},"rotation":{"x":0.4330323040485382,"y":-0.046744804829359058,"z":0.022494085133075715,"w":0.8998888731002808},"size":5.743569374084473,"orthographic":false}