{"cameraMode":{"drawMode":0,"name":"Shaded","section":"Shading Mode"},"sceneLighting":true,"audioPlay":false,"sceneViewState":{"m_AlwaysRefresh":false,"showFog":true,"showSkybox":true,"showFlares":true,"showImageEffects":true,"showParticleSystems":true,"showVisualEffectGraphs":true,"m_FxEnabled":false},"in2DMode":false,"pivot":{"x":-1.0928735733032227,"y":-3.2668023109436037,"z":-5.860278129577637},"rotation":{"x":0.29408591985702517,"y":0.004876455757766962,"z":-0.001502390019595623,"w":0.9557753801345825},"size":6.099789142608643,"orthographic":false}